{"layer_size1": 512, "layer_size2": 512, "layer_size3": 256, "layer_size4": 64, "layer_size5": 512, "layer_size6": 64, "learning_rate": 1.433675124157315e-05, "b1": 0.9286759768614723}